{"cameraMode":{"drawMode":0,"name":"Shaded","section":"Shading Mode"},"sceneLighting":true,"audioPlay":false,"sceneViewState":{"showFog":true,"showMaterialUpdate":false,"showSkybox":true,"showFlares":true,"showImageEffects":true,"showParticleSystems":true},"in2DMode":false,"pivot":{"x":-124.67642211914063,"y":21.59349822998047,"z":-123.56814575195313},"rotation":{"x":0.12016119807958603,"y":0.3540833592414856,"z":-0.04594305530190468,"w":0.9263404607772827},"size":8.145878791809082,"orthographic":false}